City_ID,City,Country,Date,Lat,Lng,Max Temp,Humidity,Cloudiness,Wind Speed
0,Waddan,LY,2022-08-08 21:56:04,29.1614,16.139,83.26,45,0,13.96
1,Ponta Do Sol,PT,2022-08-08 21:56:05,32.6667,-17.1,72.23,71,0,5.64
2,Canals,ES,2022-08-08 21:56:05,38.9625,-0.5844,82.02,81,0,4.0
3,Betamcherla,IN,2022-08-08 21:56:06,15.4667,78.1667,74.86,78,100,19.35
4,Athmallik,IN,2022-08-08 21:56:06,20.7219,84.5348,77.25,93,100,0.94
5,Puerto Ayora,EC,2022-08-08 21:56:07,-0.7393,-90.3518,75.16,86,55,5.01
6,Kushmurun,KZ,2022-08-08 21:56:07,52.4503,64.6311,60.69,71,12,8.41
7,Coquimbo,CL,2022-08-08 21:56:08,-29.9533,-71.3436,60.53,63,0,11.5
8,Carauari,BR,2022-08-08 21:56:08,-4.8828,-66.8958,80.29,74,98,1.45
9,Bethel,US,2022-08-08 21:56:09,41.3712,-73.414,89.15,66,94,8.32
10,Brae,GB,2022-08-08 21:56:09,60.3964,-1.353,55.83,98,100,9.86
11,Newport,GB,2022-08-08 21:56:09,51.5877,-2.9984,70.68,73,0,8.46
12,Malakwal,PK,2022-08-08 21:56:10,32.5536,73.2123,87.24,66,7,3.74
13,Chokurdakh,RU,2022-08-08 21:56:10,70.6333,147.9167,57.92,43,96,4.99
14,Bengkulu,ID,2022-08-08 21:54:24,-3.8004,102.2655,75.42,89,59,7.38
15,Nikolskoye,RU,2022-08-08 21:56:11,59.7035,30.7861,57.87,96,79,0.63
16,Rikitea,PF,2022-08-08 21:56:11,-23.1203,-134.9692,72.86,80,100,23.55
17,Pisco,PE,2022-08-08 21:56:12,-13.7,-76.2167,66.25,68,0,13.8
18,Ribeira Grande,PT,2022-08-08 21:56:12,38.5167,-28.7,73.8,88,40,8.05
19,Busselton,AU,2022-08-08 21:56:12,-33.65,115.3333,47.88,83,98,14.12
20,Tomatlan,MX,2022-08-08 21:56:13,19.9333,-105.25,88.81,59,100,10.16
21,Mataura,NZ,2022-08-08 21:56:13,-46.1927,168.8643,34.48,72,7,6.98
22,Geraldton,AU,2022-08-08 21:56:13,-28.7667,114.6,54.01,82,100,18.41
23,Lazaro Cardenas,MX,2022-08-08 21:56:14,17.9583,-102.2,82.54,75,100,3.53
24,Provideniya,RU,2022-08-08 21:56:14,64.3833,-173.3,46.51,66,75,15.99
25,Carnarvon,AU,2022-08-08 21:56:15,-24.8667,113.6333,65.39,51,63,20.22
26,Dikson,RU,2022-08-08 21:56:15,73.5069,80.5464,42.66,97,99,18.79
27,Georgetown,MY,2022-08-08 21:55:40,5.4112,100.3354,81.9,89,20,3.44
28,Victoria,HK,2022-08-08 21:56:01,22.2855,114.1577,81.32,87,98,11.01
29,New Norfolk,AU,2022-08-08 21:56:16,-42.7826,147.0587,35.71,88,6,2.66
30,Alyangula,AU,2022-08-08 21:56:17,-13.8483,136.4192,73.87,63,8,16.2
31,Albany,US,2022-08-08 21:56:18,42.6001,-73.9662,93.79,52,57,4.0
32,Concordia,AR,2022-08-08 21:56:18,-31.393,-58.0209,56.79,80,100,8.01
33,Luderitz,NA,2022-08-08 21:56:19,-26.6481,15.1594,58.1,65,32,2.37
34,Airai,TL,2022-08-08 21:56:19,-8.9266,125.4092,56.5,67,53,3.87
35,Andenes,NO,2022-08-08 21:56:19,69.3143,16.1194,51.78,82,100,6.91
36,Castro,BR,2022-08-08 21:56:20,-24.7911,-50.0119,60.22,91,100,4.56
37,Butaritari,KI,2022-08-08 21:56:20,3.0707,172.7902,80.74,80,85,15.03
38,Margate,GB,2022-08-08 21:56:20,51.3813,1.3862,64.9,86,7,5.01
39,Avarua,CK,2022-08-08 21:56:21,-21.2078,-159.775,75.25,69,40,18.41
40,Avera,US,2022-08-08 21:56:21,33.194,-82.5271,88.38,52,67,7.63
41,Atambua,ID,2022-08-08 21:56:22,-9.1061,124.8925,69.44,86,17,4.85
42,Chapada Dos Guimaraes,BR,2022-08-08 21:56:22,-15.4606,-55.7497,76.66,73,95,3.33
43,Bintulu,MY,2022-08-08 21:56:23,3.1667,113.0333,77.41,94,20,5.01
44,Kieta,PG,2022-08-08 21:56:23,-6.2167,155.6333,80.92,80,73,4.79
45,Port Alfred,ZA,2022-08-08 21:56:24,-33.5906,26.891,60.8,85,28,3.85
46,Saldanha,ZA,2022-08-08 21:57:24,-33.0117,17.9442,50.05,82,98,6.91
47,Mehamn,NO,2022-08-08 21:57:25,71.0357,27.8492,51.75,82,75,17.27
48,Vaini,TO,2022-08-08 21:57:25,-21.2,-175.2,78.96,89,40,12.66
49,Punta Arenas,CL,2022-08-08 21:53:09,-53.15,-70.9167,35.71,87,75,9.22
50,Okhotsk,RU,2022-08-08 21:57:26,59.3833,143.3,60.19,73,98,13.42
51,San Patricio,US,2022-08-08 21:57:26,28.017,-97.5169,94.17,42,12,17.34
52,Alim,PH,2022-08-08 21:57:26,9.5649,122.4876,79.14,83,99,6.73
53,Iskateley,RU,2022-08-08 21:57:27,67.6803,53.1512,49.8,84,47,10.13
54,Jamestown,US,2022-08-08 21:56:30,42.097,-79.2353,86.02,54,84,8.99
55,Haines Junction,CA,2022-08-08 21:57:27,60.7522,-137.5108,58.95,55,99,8.05
56,Hermanus,ZA,2022-08-08 21:57:28,-34.4187,19.2345,52.81,84,100,1.99
57,Ushuaia,AR,2022-08-08 21:52:44,-54.8,-68.3,38.86,60,20,9.22
58,Nikolsk,RU,2022-08-08 21:57:28,53.7189,46.0712,65.23,63,33,2.71
59,Itapetininga,BR,2022-08-08 21:57:29,-23.5917,-48.0531,63.54,91,97,8.75
60,Kholm,RU,2022-08-08 21:57:29,59.2667,32.85,55.44,91,100,2.3
61,Acajutla,SV,2022-08-08 21:57:29,13.5928,-89.8275,81.1,79,91,4.45
62,Santa Isabel Do Rio Negro,BR,2022-08-08 21:57:30,-0.4139,-65.0192,80.8,70,95,3.09
63,Santarem,BR,2022-08-08 21:54:18,-2.4431,-54.7083,87.93,70,20,11.5
64,Yerbogachen,RU,2022-08-08 21:57:30,61.2767,108.0108,49.46,94,100,1.83
65,Barrow,US,2022-08-08 21:55:05,71.2906,-156.7887,41.95,65,16,11.34
66,Ancud,CL,2022-08-08 21:57:31,-41.8697,-73.8203,45.23,80,47,6.98
67,Hobart,AU,2022-08-08 21:57:31,-42.8794,147.3294,36.05,93,20,5.75
68,Mataundh,IN,2022-08-08 21:57:32,25.45,80.15,85.3,67,62,7.09
69,Santa Cruz,BO,2022-08-08 21:57:32,-17.8,-63.1667,64.45,94,75,11.5
70,Nyuksenitsa,RU,2022-08-08 21:57:33,60.4128,44.2397,56.89,74,98,3.87
71,Yellowknife,CA,2022-08-08 21:55:02,62.456,-114.3525,66.72,42,75,9.22
72,Cidreira,BR,2022-08-08 21:57:33,-30.1811,-50.2056,59.05,86,100,14.63
73,Qostanay,KZ,2022-08-08 21:54:41,53.1667,63.5833,62.89,72,0,6.71
74,Upernavik,GL,2022-08-08 21:57:34,72.7868,-56.1549,43.23,76,100,6.58
75,Saint-Philippe,RE,2022-08-08 21:57:34,-21.3585,55.7679,64.22,78,46,10.74
76,Sabang,ID,2022-08-08 21:57:35,5.8933,95.3214,81.99,74,100,18.88
77,Nanortalik,GL,2022-08-08 21:57:35,60.1432,-45.2371,45.12,82,100,5.7
78,Khatanga,RU,2022-08-08 21:57:35,71.9667,102.5,56.64,94,100,8.43
79,Fremont,US,2022-08-08 21:53:38,37.5483,-121.9886,88.56,53,0,17.27
80,Tasiilaq,GL,2022-08-08 21:57:36,65.6145,-37.6368,38.21,98,100,2.8
81,Awbari,LY,2022-08-08 21:57:36,26.5921,12.7805,87.31,19,2,9.69
82,Callaway,US,2022-08-08 21:57:41,30.153,-85.5699,84.97,74,100,1.99
83,Port Hawkesbury,CA,2022-08-08 21:57:41,45.6169,-61.3485,68.18,75,100,4.61
84,Ipixuna,BR,2022-08-08 21:57:42,-1.7625,-48.8043,79.79,76,91,5.84
85,Ilhabela,BR,2022-08-08 21:57:42,-23.7781,-45.3581,68.09,91,100,6.82
86,Kapaa,US,2022-08-08 21:57:42,22.0752,-159.319,82.18,74,27,5.99
87,Tanabe,JP,2022-08-08 21:57:43,33.7333,135.3667,82.08,85,100,4.61
88,Lieksa,FI,2022-08-08 21:57:43,63.3167,30.0167,58.62,67,100,2.95
89,Cayenne,GF,2022-08-08 21:55:24,4.9333,-52.3333,84.24,1,0,4.61
90,Cape Town,ZA,2022-08-08 21:56:32,-33.9258,18.4232,55.27,88,0,3.44
91,Kerema,PG,2022-08-08 21:58:44,-7.9631,145.7785,77.99,87,82,5.79
92,Zapolyarnyy,RU,2022-08-08 21:58:45,69.4154,30.8136,49.28,86,79,6.22
93,Portland,US,2022-08-08 21:57:39,45.5234,-122.6762,91.45,40,11,3.04
94,Esperance,AU,2022-08-08 21:58:45,-33.8667,121.9,51.71,89,100,12.44
95,Thompson,CA,2022-08-08 21:58:46,55.7435,-97.8558,68.16,83,75,0.0
96,Bluff,NZ,2022-08-08 21:58:46,-46.6,168.3333,34.81,66,2,17.87
97,Nouadhibou,MR,2022-08-08 21:58:46,20.931,-17.0347,75.18,83,3,9.22
98,Kaitangata,NZ,2022-08-08 21:58:47,-46.2817,169.8464,41.4,64,43,10.16
99,Cherskiy,RU,2022-08-08 21:58:47,68.75,161.3,60.28,34,96,11.68
100,Tuktoyaktuk,CA,2022-08-08 21:58:48,69.4541,-133.0374,60.8,72,100,11.5
101,Bredasdorp,ZA,2022-08-08 21:58:48,-34.5322,20.0403,52.97,96,100,4.41
102,Loikaw,MM,2022-08-08 21:58:49,19.6742,97.2094,68.16,99,100,2.26
103,Tuatapere,NZ,2022-08-08 21:58:49,-46.1333,167.6833,33.22,76,14,4.92
104,Atuona,PF,2022-08-08 21:58:50,-9.8,-139.0333,77.63,74,38,17.2
105,East London,ZA,2022-08-08 21:58:50,-33.0153,27.9116,62.11,80,90,4.18
106,Emerald,AU,2022-08-08 21:57:13,-23.5333,148.1667,52.18,59,0,13.18
107,Fort Wellington,GY,2022-08-08 21:58:51,6.4,-57.6,80.78,79,88,8.08
108,Lucapa,AO,2022-08-08 21:58:51,-8.4192,20.7447,69.69,24,1,4.07
109,Sept-Iles,CA,2022-08-08 21:58:51,50.2001,-66.3821,62.06,67,75,11.5
110,Saskylakh,RU,2022-08-08 21:58:52,71.9167,114.0833,54.41,82,92,8.86
111,Iqaluit,CA,2022-08-08 21:58:52,63.7506,-68.5145,51.53,66,75,3.44
112,Baracoa,CU,2022-08-08 21:58:53,20.3467,-74.4958,82.4,83,96,10.2
113,Carutapera,BR,2022-08-08 21:58:53,-1.195,-46.02,78.78,82,20,9.64
114,Nabire,ID,2022-08-08 21:58:54,-3.3667,135.4833,74.59,96,100,3.22
115,Grand-Lahou,CI,2022-08-08 21:58:54,5.1367,-5.0242,74.66,84,32,11.95
116,Upata,VE,2022-08-08 21:58:54,8.0086,-62.3989,85.19,83,96,3.51
117,Qaanaaq,GL,2022-08-08 21:58:55,77.484,-69.3632,39.06,57,32,4.99
118,Bembereke,BJ,2022-08-08 21:58:55,10.2283,2.6634,72.23,93,100,4.43
119,Lagoa,PT,2022-08-08 21:58:55,39.05,-27.9833,73.51,80,13,14.27
120,Maine-Soroa,NE,2022-08-08 21:58:56,13.2114,12.0241,77.34,66,53,5.53
121,Ankazoabo,MG,2022-08-08 21:58:56,-22.2833,44.5167,63.1,62,0,3.62
122,Marawi,PH,2022-08-08 21:58:56,7.9986,124.2928,67.95,95,100,2.86
123,Anadyr,RU,2022-08-08 21:58:57,64.75,177.4833,50.5,50,0,8.95
124,Poronaysk,RU,2022-08-08 21:58:57,49.2167,143.1167,65.7,90,12,6.31
125,Rabat,MA,2022-08-08 21:56:18,33.9911,-6.8401,71.67,78,20,5.75
126,Richards Bay,ZA,2022-08-08 21:58:58,-28.783,32.0377,65.3,82,74,16.15
127,Ilulissat,GL,2022-08-08 21:58:58,69.2167,-51.1,36.82,95,100,3.0
128,Makakilo City,US,2022-08-08 21:58:58,21.3469,-158.0858,83.95,58,40,12.66
129,Laguna,US,2022-08-08 21:58:59,38.421,-121.4238,92.95,32,40,5.01
130,Hilo,US,2022-08-08 21:58:59,19.7297,-155.09,87.28,93,64,1.01
131,Parabel,RU,2022-08-08 21:59:00,58.6978,81.4825,53.55,81,68,4.56
132,Vila Velha,BR,2022-08-08 21:54:37,-20.3297,-40.2925,76.95,79,40,4.61
133,Jizan,SA,2022-08-08 21:59:00,17.3333,42.6667,85.14,71,100,3.4
134,Togur,RU,2022-08-08 21:59:01,58.3631,82.8265,54.3,78,46,6.2
135,Lata,PT,2022-08-08 21:59:01,40.1629,-8.3327,61.27,93,0,1.99
136,Basco,PH,2022-08-08 21:59:01,20.4487,121.9702,84.22,73,100,16.46
137,Sur,OM,2022-08-08 22:00:02,22.5667,59.5289,88.2,60,100,3.09
138,Arraial Do Cabo,BR,2022-08-08 22:00:03,-22.9661,-42.0278,70.81,86,96,9.08
139,Gorom-Gorom,BF,2022-08-08 22:00:04,14.4439,-0.2361,87.15,52,67,4.85
140,Ternate,ID,2022-08-08 22:00:05,0.8,127.4,78.93,83,91,6.91
141,Mahebourg,MU,2022-08-08 22:00:05,-20.4081,57.7,66.25,77,8,13.56
142,Whitecourt,CA,2022-08-08 22:00:06,54.1502,-115.6855,70.81,30,1,12.06
143,Kokstad,ZA,2022-08-08 22:00:07,-30.5472,29.4241,50.4,87,100,2.82
144,Byron Bay,AU,2022-08-08 21:58:42,-28.65,153.6167,54.95,78,15,12.12
145,Tongren,CN,2022-08-08 22:00:09,27.7172,109.1853,76.5,87,70,2.86
146,Hasaki,JP,2022-08-08 22:00:11,35.7333,140.8333,82.8,83,100,20.65
147,Flinders,AU,2022-08-08 22:00:12,-34.5833,150.8552,53.19,77,73,5.99
148,Port Lincoln,AU,2022-08-08 22:00:13,-34.7333,135.8667,50.86,63,0,9.19
149,La Rioja,ES,2022-08-08 22:00:15,42.25,-2.5,71.38,76,40,5.46
150,Portadown,GB,2022-08-08 22:00:15,54.4241,-6.4412,67.82,82,92,2.13
151,Prince Rupert,CA,2022-08-08 21:58:33,54.3161,-130.3201,64.49,73,0,17.27
152,Alofi,NU,2022-08-08 22:00:16,-19.0595,-169.9187,76.73,75,3,20.18
153,Severnoye,RU,2022-08-08 22:00:19,56.3491,78.3619,55.89,96,34,7.07
154,Presidente Epitacio,BR,2022-08-08 22:00:20,-21.7633,-52.1156,72.43,73,100,0.85
155,Dabakala,CI,2022-08-08 22:00:21,8.3667,-4.4333,74.32,79,71,5.93
156,Burla,IN,2022-08-08 22:00:21,21.5,83.8667,76.66,89,100,9.53
157,Sitges,ES,2022-08-08 22:00:22,41.2351,1.8119,82.15,58,71,4.83
158,Broome,US,2022-08-08 21:55:49,42.2506,-75.833,84.7,71,97,3.0
159,Nagapattinam,IN,2022-08-08 22:00:23,10.7667,79.8333,81.23,66,100,9.73
160,Teya,RU,2022-08-08 22:00:24,60.3778,92.6267,55.15,90,100,2.37
161,Nishihara,JP,2022-08-08 22:00:24,26.1842,127.7558,83.48,84,40,4.61
162,Cockburn Town,TC,2022-08-08 21:57:23,21.4612,-71.1419,82.58,80,56,21.32
163,Grindavik,IS,2022-08-08 22:00:25,63.8424,-22.4338,52.27,100,100,17.27
164,Bogorodskoye,RU,2022-08-08 22:00:26,56.55,37.8833,54.23,97,97,4.9
165,Indramayu,ID,2022-08-08 22:00:27,-6.3264,108.32,75.9,74,7,7.45
166,Verkhnevilyuysk,RU,2022-08-08 22:00:27,63.4453,120.3167,55.36,97,85,4.38
167,Padang,ID,2022-08-08 22:00:28,-0.9492,100.3543,76.23,85,32,3.42
168,Torbay,CA,2022-08-08 22:00:28,47.6666,-52.7314,62.76,81,84,8.01
169,Zhangjiakou,CN,2022-08-08 22:00:29,40.81,114.8794,64.71,95,100,3.42
170,Syzran,RU,2022-08-08 22:00:32,53.1585,48.4681,71.26,62,88,4.83
171,Vila Franca Do Campo,PT,2022-08-08 22:00:33,37.7167,-25.4333,75.2,89,58,5.97
172,Isangel,VU,2022-08-08 22:00:33,-19.55,169.2667,77.0,77,35,10.13
173,Yulara,AU,2022-08-08 22:00:34,-25.2406,130.9889,50.04,32,70,9.51
174,Kurush,RU,2022-08-08 22:00:34,41.2841,47.8345,46.2,91,87,1.03
175,Fortuna,US,2022-08-08 22:00:35,40.5982,-124.1573,71.91,64,20,11.5
176,Great Bend,US,2022-08-08 22:00:35,38.3645,-98.7648,91.62,34,0,9.22
177,Owando,CG,2022-08-08 22:00:36,-0.4819,15.8999,82.31,48,98,1.36
178,Tabas,IR,2022-08-08 22:00:36,33.5959,56.9244,90.75,20,0,2.77
179,Markova,UA,2022-08-08 22:00:37,48.6758,24.4138,61.5,93,100,1.34
180,Chuy,UY,2022-08-08 22:00:37,-33.6971,-53.4616,51.35,76,99,10.13
181,Sinazongwe,ZM,2022-08-08 22:00:38,-17.2614,27.4618,66.04,29,0,3.31
182,Marataizes,BR,2022-08-08 22:00:38,-21.0433,-40.8244,71.69,87,60,2.44
183,Keskin,TR,2022-08-08 22:00:39,39.6731,33.6136,67.46,52,0,6.55
184,Laje,BR,2022-08-08 22:00:39,-10.1833,-40.9667,75.09,32,35,7.45
185,Veinticinco De Mayo,AR,2022-08-08 22:01:40,-35.4323,-60.1727,48.97,73,100,6.17
186,Kodiak,US,2022-08-08 22:01:40,57.79,-152.4072,56.21,74,58,5.79
187,Riyadh,SA,2022-08-08 22:00:05,24.6877,46.7219,100.11,21,41,8.41
188,Rio Grande,BR,2022-08-08 21:59:49,-32.035,-52.0986,57.31,77,96,14.92
189,Galle,LK,2022-08-08 22:01:41,6.0367,80.217,77.52,88,83,11.81
190,Lakes Entrance,AU,2022-08-08 22:01:41,-37.8811,147.981,38.16,88,8,4.83
191,Kavaratti,IN,2022-08-08 22:01:42,10.5669,72.642,80.69,82,100,22.37
192,Juba,SS,2022-08-08 21:57:37,4.8517,31.5825,70.09,94,82,2.44
193,Mayo,US,2022-08-08 22:01:42,38.8876,-76.5119,93.31,74,82,13.56
194,Eyl,SO,2022-08-08 22:01:43,7.9803,49.8164,76.78,72,88,24.87
195,Najran,SA,2022-08-08 22:01:43,17.4924,44.1277,84.22,39,83,4.25
196,Meulaboh,ID,2022-08-08 22:01:44,4.1363,96.1285,75.07,88,99,4.32
197,Troitskoye,RU,2022-08-08 22:01:19,52.9821,84.6757,58.64,81,100,4.99
198,Morant Bay,JM,2022-08-08 22:01:44,17.8815,-76.4093,85.71,70,61,11.99
199,Butka,RU,2022-08-08 22:01:44,56.7179,63.7866,61.74,86,69,3.38
200,Kaman,IN,2022-08-08 22:01:45,27.65,77.2667,86.94,64,37,5.35
201,Gazanjyk,TM,2022-08-08 22:01:45,39.2446,55.5154,85.68,24,7,4.59
202,Ambilobe,MG,2022-08-08 22:01:46,-13.2,49.05,64.81,87,26,3.71
203,Guilin,CN,2022-08-08 22:00:17,25.2819,110.2864,75.9,92,7,1.21
204,Tazovskiy,RU,2022-08-08 22:01:46,67.4667,78.7,61.12,76,48,9.46
205,Mozarlandia,BR,2022-08-08 22:01:47,-14.7447,-50.5706,85.62,29,5,5.32
206,Sulangan,PH,2022-08-08 22:01:47,11.1373,123.7228,82.85,74,100,7.52
207,Lebu,CL,2022-08-08 22:01:47,-37.6167,-73.65,48.25,83,6,11.23
208,Severo-Kurilsk,RU,2022-08-08 22:01:48,50.6789,156.125,56.05,95,100,18.14
209,Ngunguru,NZ,2022-08-08 22:01:49,-35.6167,174.5,55.24,86,26,6.35
210,Boa Vista,BR,2022-08-08 22:01:49,2.8197,-60.6733,83.93,65,91,3.78
211,Milkovo,RU,2022-08-08 22:01:49,54.7167,158.6167,68.74,63,5,2.37
212,Sumbe,AO,2022-08-08 22:01:50,-11.2061,13.8437,69.03,82,77,7.36
213,Husavik,IS,2022-08-08 22:01:51,66.0449,-17.3389,55.17,69,100,21.12
214,Beyneu,KZ,2022-08-08 22:01:51,45.3167,55.2,84.94,25,92,7.81
215,Sobral,BR,2022-08-08 22:01:51,-3.6861,-40.3497,82.56,39,9,4.14
216,Saint Anthony,US,2022-08-08 22:00:18,45.0205,-93.218,79.83,49,40,9.22
217,Half Moon Bay,US,2022-08-08 22:01:52,37.4636,-122.4286,84.58,60,0,17.27
218,Maardu,EE,2022-08-08 22:01:52,59.4767,25.025,53.6,94,0,0.0
219,Broken Hill,AU,2022-08-08 22:01:53,-31.95,141.4333,47.1,57,2,4.63
220,Katherine,AU,2022-08-08 22:01:53,-14.4667,132.2667,66.52,48,8,3.44
221,Kaseda,JP,2022-08-08 22:01:54,31.4167,130.3167,82.11,80,57,3.02
222,Bonthe,SL,2022-08-08 22:01:54,7.5264,-12.505,76.57,82,97,10.18
223,Kununurra,AU,2022-08-08 22:01:54,-15.7667,128.7333,64.38,72,2,1.14
224,Vestmanna,FO,2022-08-08 22:01:55,62.1564,-7.1664,50.92,100,100,9.22
225,Elizabeth City,US,2022-08-08 22:01:55,36.2946,-76.2511,93.22,60,26,1.01
226,Dalbandin,PK,2022-08-08 22:01:15,28.8947,64.4101,92.93,14,59,7.94
227,Limon,CR,2022-08-08 22:01:56,10.0,-83.0333,83.05,87,100,7.47
228,Vanimo,PG,2022-08-08 22:01:56,-2.6741,141.3028,77.58,88,65,5.82
229,Vallenar,CL,2022-08-08 22:01:56,-28.5708,-70.7581,69.64,23,0,3.47
230,Moissac,FR,2022-08-08 22:01:57,44.1024,1.0945,71.47,30,2,5.03
231,Praia Da Vitoria,PT,2022-08-08 22:01:57,38.7333,-27.0667,74.75,87,15,8.12
232,Berlevag,NO,2022-08-08 22:02:58,70.8578,29.0864,51.8,81,100,8.05
233,Port Hardy,CA,2022-08-08 22:00:37,50.6996,-127.4199,63.14,69,4,14.38
234,Lahaina,US,2022-08-08 21:59:22,20.8783,-156.6825,85.95,84,41,8.77
235,Mar Del Plata,AR,2022-08-08 22:02:58,-38.0023,-57.5575,50.09,84,100,7.0
236,Catamarca,AR,2022-08-08 22:00:34,-28.4696,-65.7852,52.77,64,12,1.99
237,Murray Bridge,AU,2022-08-08 22:02:59,-35.1167,139.2667,46.35,82,0,6.69
238,Shiyan,CN,2022-08-08 22:02:59,32.6475,110.7781,78.22,95,99,0.98
239,Tera,NE,2022-08-08 22:02:59,14.0078,0.7531,88.05,53,99,8.55
240,Umm Kaddadah,SD,2022-08-08 22:03:00,13.6017,26.6876,78.66,64,100,9.4
241,Hokitika,NZ,2022-08-08 22:03:00,-42.7167,170.9667,43.47,59,98,8.1
242,Guarapari,BR,2022-08-08 22:03:00,-20.6667,-40.4975,74.89,88,33,3.11
243,Marrakesh,MA,2022-08-08 22:00:12,31.6315,-8.0083,80.67,47,0,6.91
244,Codrington,AU,2022-08-08 22:03:01,-38.2667,141.9667,41.61,84,7,6.44
245,Maldonado,UY,2022-08-08 22:03:01,-34.6667,-54.9167,51.22,76,49,6.13
246,Beroroha,MG,2022-08-08 22:03:02,-21.6667,45.1667,66.54,56,0,5.97
247,Faanui,PF,2022-08-08 22:03:02,-16.4833,-151.75,76.93,58,72,17.43
248,Hami,CN,2022-08-08 22:03:03,42.8,93.45,83.23,28,0,4.54
249,Puerto Escondido,MX,2022-08-08 22:00:42,15.85,-97.0667,83.88,76,94,5.39
250,Comodoro Rivadavia,AR,2022-08-08 22:03:04,-45.8667,-67.5,39.06,81,0,2.3
251,Abilene,US,2022-08-08 22:01:22,32.4487,-99.7331,100.62,23,0,8.05
252,Saint George,US,2022-08-08 21:58:12,37.1041,-113.5841,105.8,14,19,3.0
253,Mount Darwin,ZW,2022-08-08 22:03:05,-16.7725,31.5838,55.53,46,0,2.64
254,Wainwright,CA,2022-08-08 22:03:07,52.839,-110.8572,72.9,41,51,19.17
255,Fort William,GB,2022-08-08 22:03:07,56.8165,-5.1121,59.31,95,100,3.83
256,High Level,CA,2022-08-08 22:00:34,58.5169,-117.136,66.61,46,53,11.92
257,Pacific Grove,US,2022-08-08 22:03:08,36.6177,-121.9166,85.24,73,0,11.5
258,Kiunga,PG,2022-08-08 22:03:09,-6.1219,141.2906,73.44,98,100,3.78
259,Bakchar,RU,2022-08-08 22:03:09,57.0186,82.0711,55.35,97,8,4.99
260,Clyde River,CA,2022-08-08 22:01:20,70.4692,-68.5914,40.03,86,100,11.52
261,Porto Novo,BJ,2022-08-08 22:00:33,6.4965,2.6036,75.09,80,98,8.63
262,Aykhal,RU,2022-08-08 22:03:10,66.0,111.5,47.66,84,79,2.17
263,Woodstock,CA,2022-08-08 21:59:33,43.1334,-80.7497,81.63,84,97,17.96
264,Kalino,RU,2022-08-08 22:03:11,58.2504,57.6085,62.69,88,21,3.02
265,Impfondo,CG,2022-08-08 22:03:11,1.6381,18.0667,76.84,71,71,1.23
266,Pangkalanbuun,ID,2022-08-08 22:03:11,-2.6833,111.6167,72.03,96,59,1.59
267,Dingle,PH,2022-08-08 22:03:12,10.9995,122.6711,75.18,90,99,2.66
268,Ndele,CF,2022-08-08 22:03:12,8.4109,20.6473,70.83,95,50,1.07
269,Kaniama,CD,2022-08-08 22:03:13,-7.5667,24.1833,72.54,29,66,4.47
270,Norman Wells,CA,2022-08-08 21:59:26,65.282,-126.8329,68.04,45,20,3.44
271,Zelezniki,SI,2022-08-08 22:03:13,46.2333,14.1667,66.42,87,95,4.18
272,Glendive,US,2022-08-08 22:03:14,47.1053,-104.7125,96.49,20,0,12.66
273,Kutum,SD,2022-08-08 22:03:14,14.2,24.6667,76.73,59,96,6.33
274,Peniche,PT,2022-08-08 21:58:37,39.3558,-9.3811,68.29,86,5,7.25
275,Doctor Juan Manuel Frutos,PY,2022-08-08 22:03:15,-25.3667,-55.8,59.25,91,94,7.27
276,Tilichiki,RU,2022-08-08 22:03:16,60.4667,166.1,60.26,68,39,4.92
277,Bambanglipuro,ID,2022-08-08 22:03:16,-7.95,110.2833,74.21,89,63,5.23
278,Tiarei,PF,2022-08-08 22:03:16,-17.5333,-149.3333,82.42,61,10,14.34
279,Tevaitoa,PF,2022-08-08 22:03:17,-16.7833,-151.5,76.62,57,47,17.16
280,Burnie,AU,2022-08-08 22:04:18,-41.0667,145.9167,44.92,88,26,3.94
281,Trairi,BR,2022-08-08 22:02:07,-3.2778,-39.2689,78.04,73,2,13.87
282,Elektrenai,LT,2022-08-08 22:04:18,54.7667,24.6333,60.64,89,45,2.84
283,Na Wa,TH,2022-08-08 22:04:19,17.4897,104.1006,75.38,94,100,6.31
284,Hargeysa,SO,2022-08-08 22:04:19,9.56,44.065,72.99,47,98,24.92
285,Gladstone,AU,2022-08-08 22:00:09,-23.85,151.25,56.79,62,0,6.91
286,Talaya,RU,2022-08-08 22:04:20,61.3833,152.75,66.02,54,100,6.53
287,Morondava,MG,2022-08-08 22:04:20,-20.2833,44.2833,67.8,84,0,4.38
288,Goderich,CA,2022-08-08 22:01:44,43.7501,-81.7165,75.9,93,99,16.62
289,Sakakah,SA,2022-08-08 22:04:21,29.9697,40.2064,97.65,24,33,17.27
290,Hithadhoo,MV,2022-08-08 22:04:21,-0.6,73.0833,81.5,66,100,2.48
291,Kribi,CM,2022-08-08 22:04:21,2.95,9.9167,75.33,91,100,7.85
292,Kihei,US,2022-08-08 22:02:57,20.785,-156.4656,87.82,67,0,23.02
293,Rocha,UY,2022-08-08 22:04:22,-34.4833,-54.3333,50.07,69,62,5.88
294,Ostrovnoy,RU,2022-08-08 22:02:23,68.0531,39.5131,47.39,89,76,8.7
295,Mairana,BO,2022-08-08 22:04:23,-18.1167,-63.9333,52.36,98,100,2.35
296,Kitui,KE,2022-08-08 22:04:23,-1.367,38.0106,58.64,86,30,5.77
297,Souillac,MU,2022-08-08 22:04:24,-20.5167,57.5167,70.18,78,40,10.36
298,Port Blair,IN,2022-08-08 22:04:24,11.6667,92.75,81.0,83,100,20.45
299,Gonen,TR,2022-08-08 22:04:24,40.1049,27.654,76.96,89,6,8.68
300,Kitimat,CA,2022-08-08 22:04:25,54.0524,-128.6534,77.92,39,0,2.55
301,Fairbanks,US,2022-08-08 22:02:12,64.8378,-147.7164,55.74,85,100,4.61
302,Longyearbyen,SJ,2022-08-08 22:04:25,78.2186,15.6401,48.04,76,75,13.8
303,Juneau,US,2022-08-08 22:02:56,58.3019,-134.4197,61.84,90,100,5.75
304,Krasnyy Oktyabr,RU,2022-08-08 22:04:26,56.1167,38.8833,57.38,97,86,4.38
305,Greensburg,US,2022-08-08 22:00:48,40.3015,-79.5389,87.6,69,40,10.36
306,Pokaran,IN,2022-08-08 22:04:27,26.9167,71.9167,87.06,71,64,0.72
307,Port Elizabeth,ZA,2022-08-08 22:01:32,-33.918,25.5701,58.1,99,18,2.3
308,Mossendjo,CG,2022-08-08 22:04:27,-2.9506,12.7261,68.65,82,94,4.34
309,Katsuura,JP,2022-08-08 22:04:28,35.1333,140.3,82.13,83,100,20.56
310,Balyaga,RU,2022-08-08 22:04:28,51.1507,108.921,46.24,69,67,1.54
311,Okha,RU,2022-08-08 22:04:28,53.5739,142.9478,57.29,99,100,6.11
312,Muzhi,RU,2022-08-08 22:04:29,65.3667,64.6667,59.22,65,66,10.87
313,Namtsy,RU,2022-08-08 22:04:29,62.7161,129.6658,57.99,78,65,4.47
314,Touros,BR,2022-08-08 22:04:30,-5.1989,-35.4608,75.96,80,6,15.57
315,Adrar,MR,2022-08-08 22:04:30,20.5022,-10.0711,103.1,11,53,8.61
316,Antalaha,MG,2022-08-08 22:04:31,-14.9003,50.2788,66.99,83,37,7.94
317,Lerwick,GB,2022-08-08 22:04:31,60.1545,-1.1494,55.4,97,100,15.19
318,Sungaipenuh,ID,2022-08-08 22:04:32,-2.0833,101.3833,63.14,96,46,1.79
319,Caravelas,BR,2022-08-08 22:04:32,-17.7125,-39.2481,73.27,73,5,9.73
320,Kudahuvadhoo,MV,2022-08-08 22:04:32,2.6708,72.8944,81.45,78,98,11.56
321,Kahului,US,2022-08-08 22:03:39,20.8947,-156.47,87.82,63,0,23.02
322,Sorland,NO,2022-08-08 22:04:33,67.667,12.6934,53.46,86,100,26.51
323,Ixtapa,MX,2022-08-08 22:04:33,20.7,-105.2,89.22,70,40,10.36
324,Baykit,RU,2022-08-08 22:04:34,61.67,96.37,57.88,78,100,2.73
325,Bud,US,2022-08-08 22:04:34,39.447,-86.1758,88.75,75,23,12.55
326,Beibei,CN,2022-08-08 22:04:35,29.8256,106.4339,84.9,67,100,3.33
327,Ulaangom,MN,2022-08-08 22:05:35,49.9811,92.0667,64.96,50,100,2.35
328,Floro,NO,2022-08-08 22:02:58,61.5996,5.0328,58.23,94,100,13.8
329,Vardo,NO,2022-08-08 22:05:36,70.3705,31.1107,46.38,87,75,5.75
330,Bloomington,US,2022-08-08 22:02:00,44.8408,-93.2983,80.69,51,75,5.75
331,Pontianak,ID,2022-08-08 22:05:36,-0.0333,109.3333,76.98,100,100,3.44
332,Pangnirtung,CA,2022-08-08 22:05:37,66.1451,-65.7125,48.65,71,63,2.35
333,Palmerston,AU,2022-08-08 22:00:39,-12.486,130.9833,71.89,93,0,2.3
334,Yatou,CN,2022-08-08 22:05:37,37.15,122.3833,75.76,97,96,5.93
335,Raudeberg,NO,2022-08-08 22:05:38,61.9875,5.1352,56.86,65,100,20.94
336,Nyurba,RU,2022-08-08 22:05:38,63.2842,118.3319,56.03,89,93,5.66
337,Lavrentiya,RU,2022-08-08 22:05:39,65.5833,-171.0,41.68,85,100,13.2
338,Innisfail,AU,2022-08-08 22:05:39,-17.5333,146.0333,67.6,84,100,9.15
339,Santiago,CL,2022-08-08 22:05:39,-33.4569,-70.6483,60.24,44,0,3.44
340,Kalamnuri,IN,2022-08-08 22:05:40,19.6667,77.3333,72.18,94,100,15.1
341,Canby,US,2022-08-08 22:05:40,45.2629,-122.6926,91.02,30,0,9.22
342,Nemuro,JP,2022-08-08 22:05:41,43.3236,145.575,67.48,98,100,22.59
343,Grajau,BR,2022-08-08 22:05:41,-5.8194,-46.1386,83.21,32,98,3.53
344,Nola,IT,2022-08-08 22:02:28,40.922,14.5329,82.81,55,73,4.0
345,Kovur,IN,2022-08-08 22:05:42,14.4833,79.9833,82.31,61,89,16.06
346,Verkhoyansk,RU,2022-08-08 22:05:42,67.5447,133.385,64.29,63,95,2.86
347,Kavieng,PG,2022-08-08 22:05:42,-2.5744,150.7967,81.84,77,92,12.66
348,Kirando,TZ,2022-08-08 22:05:43,-7.4167,30.6,72.75,50,0,6.67
349,Bacolod,PH,2022-08-08 22:05:43,10.6667,122.95,77.38,83,100,3.44
350,Vestmannaeyjar,IS,2022-08-08 22:05:44,63.4427,-20.2734,52.56,93,100,21.63
351,Port-Gentil,GA,2022-08-08 22:05:44,-0.7193,8.7815,74.68,85,100,15.05
352,Ogden,US,2022-08-08 22:02:28,41.223,-111.9738,93.27,19,0,9.22
353,Sioux Lookout,CA,2022-08-08 22:05:45,50.1001,-91.917,79.74,36,26,8.7
354,Muscatine,US,2022-08-08 22:05:45,41.4667,-91.1335,77.18,73,75,11.5
355,Naze,JP,2022-08-08 22:05:45,28.3667,129.4833,80.64,73,71,4.56
356,Sampit,ID,2022-08-08 22:05:46,-2.5333,112.95,71.89,97,40,0.45
357,Arona,ES,2022-08-08 22:05:46,28.0996,-16.681,80.91,48,0,18.41
358,Imeni Poliny Osipenko,RU,2022-08-08 22:05:47,52.4201,136.4853,56.46,92,96,4.23
359,Smithers,CA,2022-08-08 22:05:48,54.7804,-127.1743,75.36,29,5,2.39
360,Mamou,GN,2022-08-08 22:05:48,10.5,-12.0,69.91,99,89,3.78
361,Grand Gaube,MU,2022-08-08 22:02:32,-20.0064,57.6608,70.2,78,3,4.0
362,Palmer,US,2022-08-08 22:05:49,42.1584,-72.3287,90.21,67,40,13.8
363,Stolac,BA,2022-08-08 22:05:50,43.0844,17.9575,70.57,80,73,6.76
364,Manicore,BR,2022-08-08 22:05:50,-5.8092,-61.3003,83.16,61,77,2.15
365,Coihaique,CL,2022-08-08 22:03:09,-45.5752,-72.0662,42.75,61,100,3.44
366,Yantal,RU,2022-08-08 22:05:51,56.8471,105.2542,45.75,93,2,1.88
367,Mirabad,AF,2022-08-08 22:05:51,30.4362,61.8383,90.91,20,7,21.36
368,Rundu,NA,2022-08-08 22:05:52,-17.9333,19.7667,63.14,27,0,4.81
369,Auki,SB,2022-08-08 22:05:52,-8.7676,160.7034,81.09,78,36,3.4
370,Sun City West,US,2022-08-08 22:05:53,33.662,-112.3413,105.01,33,9,5.99
371,Alugan,PH,2022-08-08 22:05:53,12.2188,125.4808,77.92,84,98,1.16
372,Tibati,CM,2022-08-08 22:05:54,6.4667,12.6333,66.13,96,96,2.28
373,Vila,PT,2022-08-08 22:05:54,42.0304,-8.1588,65.7,79,0,1.52
374,Darayya,SY,2022-08-08 22:06:55,33.459,36.2374,77.09,26,0,2.21
375,Qaqortoq,GL,2022-08-08 22:06:55,60.7167,-46.0333,45.5,76,100,4.92
376,La Palma,US,2022-08-08 22:06:55,33.8464,-118.0467,102.67,58,0,10.36
377,Aksarka,RU,2022-08-08 22:06:56,66.5606,67.7975,54.21,89,49,10.02
378,Hofn,IS,2022-08-08 22:06:25,64.2539,-15.2082,51.82,96,100,24.05
379,Alice Springs,AU,2022-08-08 22:06:57,-23.7,133.8833,36.95,56,4,0.0
380,Hay River,CA,2022-08-08 22:06:57,60.8156,-115.7999,54.64,77,69,13.06
381,Palu,ID,2022-08-08 22:06:57,-0.8917,119.8707,75.04,94,91,2.8
382,Hamada,JP,2022-08-08 22:06:58,34.8833,132.0833,79.27,84,100,7.07
383,Ketchikan,US,2022-08-08 22:05:11,55.3422,-131.6461,64.36,57,23,8.79
384,Viedma,AR,2022-08-08 22:06:58,-40.8135,-62.9967,47.14,68,100,2.73
385,Arefu,RO,2022-08-08 22:06:12,45.3333,24.6,62.4,81,99,5.77
386,Dunedin,NZ,2022-08-08 22:06:59,-45.8742,170.5036,40.8,80,92,7.0
387,Moen,NO,2022-08-08 22:06:59,69.1304,18.6123,46.87,93,75,1.14
388,Kysyl-Syr,RU,2022-08-08 22:06:59,63.8986,122.7617,56.93,86,100,5.55
389,Bambous Virieux,MU,2022-08-08 22:07:00,-20.3428,57.7575,70.05,78,40,10.36
390,Salalah,OM,2022-08-08 22:07:00,17.0151,54.0924,75.29,100,100,3.44
391,Hirara,JP,2022-08-08 22:07:00,24.8,125.2833,79.07,94,40,3.44
392,San Juan,AR,2022-08-08 22:04:56,-31.5375,-68.5364,48.02,51,9,8.77
393,Aracati,BR,2022-08-08 22:07:01,-4.5617,-37.7697,78.31,80,1,11.32
394,Henties Bay,NA,2022-08-08 22:07:01,-22.116,14.2845,54.81,87,28,8.08
395,Leh,IN,2022-08-08 22:07:02,34.1667,77.5833,64.18,57,68,6.42
396,Tawau,MY,2022-08-08 22:07:02,4.2498,117.8871,77.88,86,99,1.19
397,Sibolga,ID,2022-08-08 22:07:03,1.7427,98.7792,75.36,81,92,3.65
398,Nome,US,2022-08-08 22:07:04,64.5011,-165.4064,48.27,81,100,8.05
399,Gualdo Tadino,IT,2022-08-08 22:07:04,43.2317,12.781,66.15,84,41,4.0
400,Mazatlan,MX,2022-08-08 22:07:05,23.2167,-106.4167,89.91,67,75,4.0
401,San Rafael,AR,2022-08-08 22:07:05,-34.6177,-68.3301,40.3,85,93,6.17
402,Tambun,ID,2022-08-08 22:07:06,-6.2641,107.0712,80.04,77,12,2.98
403,Sao Filipe,CV,2022-08-08 22:02:11,14.8961,-24.4956,78.87,83,100,6.24
404,Itoman,JP,2022-08-08 22:07:06,26.1247,127.6694,84.97,82,40,4.61
405,Vegreville,CA,2022-08-08 22:07:07,53.5001,-112.0518,70.57,47,28,18.72
406,Buraydah,SA,2022-08-08 22:07:07,26.326,43.975,99.25,16,0,13.02
407,Taoudenni,ML,2022-08-08 22:07:08,22.6783,-3.9836,103.77,10,0,11.25
408,Zarubino,RU,2022-08-08 22:07:08,42.63,131.0922,65.84,69,53,9.15
409,Salinas,US,2022-08-08 22:03:06,36.6777,-121.6555,92.57,57,0,13.8
410,Bathsheba,BB,2022-08-08 22:03:32,13.2167,-59.5167,79.41,94,75,17.27
411,Krasnoselkup,RU,2022-08-08 22:07:09,65.7,82.4667,67.91,70,88,7.2
412,Lorengau,PG,2022-08-08 22:07:10,-2.0226,147.2712,81.19,80,77,10.36
413,Hualmay,PE,2022-08-08 22:07:10,-11.0964,-77.6139,64.6,76,20,12.01
414,Samana,DO,2022-08-08 22:07:11,19.2056,-69.3369,82.36,78,100,9.82
415,Te Anau,NZ,2022-08-08 22:07:11,-45.4167,167.7167,25.65,90,83,0.56
416,Road Town,VG,2022-08-08 22:07:11,18.4167,-64.6167,86.09,74,20,12.66
417,Agadez,NE,2022-08-08 22:07:12,19.75,10.25,88.63,37,93,19.89
418,Vanavara,RU,2022-08-08 22:08:13,60.34,102.2797,50.74,89,30,2.91
419,Zhaozhou,CN,2022-08-08 22:08:13,45.6833,125.3167,59.23,74,0,7.74
420,Narsaq,GL,2022-08-08 22:08:13,60.9167,-46.05,55.62,72,98,5.21
421,Ucluelet,CA,2022-08-08 22:08:14,48.9329,-125.5528,65.08,80,11,1.01
422,Sisimiut,GL,2022-08-08 22:04:19,66.9395,-53.6735,42.6,89,96,13.56
423,Jalu,LY,2022-08-08 22:08:14,29.0331,21.5482,83.5,49,0,14.7
424,Tautira,PF,2022-08-08 22:08:15,-17.7333,-149.15,74.84,64,19,13.35
425,Yar-Sale,RU,2022-08-08 22:08:15,66.8333,70.8333,56.07,81,51,15.68
426,Kruisfontein,ZA,2022-08-08 22:08:17,-34.0033,24.7314,56.88,91,25,7.09
427,Athabasca,CA,2022-08-08 22:08:17,54.7169,-113.2854,69.87,34,3,18.97
428,Dhidhdhoo,MV,2022-08-08 22:08:18,6.8833,73.1,80.53,83,100,17.34
429,Kearney,US,2022-08-08 22:07:17,40.6995,-99.0815,78.71,53,0,8.05
430,Westport,US,2022-08-08 22:04:06,41.1415,-73.3579,90.95,65,0,16.11
431,Karratha,AU,2022-08-08 22:08:19,-20.7377,116.8463,65.95,32,98,12.68
432,Wonthaggi,AU,2022-08-08 22:08:19,-38.6044,145.5913,43.86,91,14,4.23
433,Roncade,IT,2022-08-08 22:08:19,45.63,12.3742,78.71,53,0,13.8
434,Beringovskiy,RU,2022-08-08 22:08:20,63.05,179.3167,47.08,68,97,9.06
435,Mucuri,BR,2022-08-08 22:08:20,-18.0864,-39.5508,73.67,75,3,14.72
436,Puerto Lempira,HN,2022-08-08 22:08:21,15.2667,-83.7667,81.46,83,97,8.61
437,Tari,NG,2022-08-08 22:08:21,12.4086,4.4914,76.66,88,91,5.75
438,Labuhan,ID,2022-08-08 22:08:22,-6.8844,112.2051,76.46,82,51,10.02
439,Salinopolis,BR,2022-08-08 22:08:22,-0.6136,-47.3561,80.1,81,34,12.97
440,Salima,MW,2022-08-08 22:08:23,-13.7804,34.4587,65.59,48,0,2.66
441,San Andres,CO,2022-08-08 22:04:14,12.5847,-81.7006,84.22,84,100,10.36
442,Fort Nelson,CA,2022-08-08 22:08:24,58.8053,-122.7002,71.65,29,44,9.57
443,Fare,PF,2022-08-08 22:08:24,-16.7,-151.0167,76.87,57,71,16.55
444,Izhma,RU,2022-08-08 22:08:24,65.0083,53.9113,59.18,58,100,5.55
445,Alekseyevsk,RU,2022-08-08 22:08:25,57.8406,108.3492,49.14,93,100,1.57
446,Kondopoga,RU,2022-08-08 22:08:26,62.2057,34.2614,52.7,83,88,2.91
447,Praya,CV,2022-08-08 22:08:26,14.9215,-23.5087,79.7,80,97,7.4
448,Baiyin,CN,2022-08-08 22:08:27,36.5583,104.2081,70.2,74,44,6.13
449,Cabo San Lucas,MX,2022-08-08 22:08:27,22.8909,-109.9124,91.51,66,100,3.0
450,The Valley,AI,2022-08-08 22:08:27,18.217,-63.0578,84.81,82,7,19.15
451,Panzhihua,CN,2022-08-08 22:08:28,26.5851,101.7128,68.76,96,47,1.25
452,Buin,CL,2022-08-08 22:08:29,-33.7333,-70.75,61.12,59,0,3.31
453,Saint-Georges,GD,2022-08-08 22:08:24,12.0564,-61.7485,83.88,79,20,17.27
454,Whitianga,NZ,2022-08-08 22:08:29,-36.8333,175.7,53.46,94,100,13.67
455,Ostersund,SE,2022-08-08 22:08:29,63.1792,14.6357,61.25,55,75,11.5
456,Batemans Bay,AU,2022-08-08 22:08:30,-35.7167,150.1833,48.09,92,98,7.07
457,Araceli,PH,2022-08-08 22:08:30,10.5529,119.9913,81.59,78,74,11.05
458,Barcelos,PT,2022-08-08 22:08:31,41.5388,-8.6151,67.91,90,1,2.13
459,Killin,US,2022-08-08 22:08:31,33.6123,-91.7412,93.29,49,20,5.75
460,Virginia Beach,US,2022-08-08 22:04:50,36.8529,-75.978,95.05,62,46,1.99
461,Hambantota,LK,2022-08-08 22:08:31,6.1241,81.1185,77.34,100,20,9.22
462,Sinnamary,GF,2022-08-08 22:08:32,5.3833,-52.95,80.17,84,97,12.21
463,Susehri,TR,2022-08-08 22:09:32,40.1644,38.0867,62.29,89,5,2.24
464,Kuusamo,FI,2022-08-08 22:09:33,65.9667,29.1833,46.44,93,0,1.14
465,Arequipa,PE,2022-08-08 22:09:33,-16.3989,-71.535,62.98,28,68,6.71
466,Sandur,IN,2022-08-08 22:09:33,15.1,76.55,71.46,90,100,25.1
467,Ondjiva,AO,2022-08-08 22:09:34,-17.0667,15.7333,62.89,26,0,6.6
468,Takhtamygda,RU,2022-08-08 22:09:34,54.1,123.5667,50.16,97,100,4.9
469,Ugoofaaru,MV,2022-08-08 22:09:34,5.6667,73.0,81.05,83,100,15.68
470,Shenzhen,CN,2022-08-08 22:09:35,22.5455,114.0683,82.22,91,94,9.71
471,Yudong,CN,2022-08-08 22:09:36,29.385,106.5194,83.64,69,100,3.47
472,Chapais,CA,2022-08-08 22:09:36,49.7834,-74.8492,50.36,96,100,6.15
473,Visnes,NO,2022-08-08 22:09:37,59.3556,5.2242,57.25,94,20,2.3
474,Bowling Green,US,2022-08-08 22:04:44,36.9903,-86.4436,91.33,52,0,9.22
475,Saint-Paul,RE,2022-08-08 22:09:37,-21.0096,55.2707,65.35,80,29,5.99
476,Leningradskiy,RU,2022-08-08 22:09:38,69.3833,178.4167,37.26,78,43,3.53
477,Rabo De Peixe,PT,2022-08-08 22:09:38,37.8,-25.5833,71.11,88,75,5.75
478,Umarizal,BR,2022-08-08 22:09:38,-5.9906,-37.8144,79.61,39,4,7.45
479,Inhambane,MZ,2022-08-08 22:09:39,-23.865,35.3833,67.68,76,0,11.81
480,Sargatskoye,RU,2022-08-08 22:09:39,55.6101,73.4972,56.59,90,20,7.9
481,Siwana,IN,2022-08-08 22:09:40,25.6333,72.4167,85.53,70,12,2.01
482,Saint-Pierre,RE,2022-08-08 22:09:40,-21.3393,55.4781,64.9,71,0,9.22
483,Yumen,CN,2022-08-08 22:09:40,40.2833,97.2,65.08,65,44,13.44
484,Hearst,CA,2022-08-08 22:09:41,49.6835,-83.6665,57.09,72,93,3.47
485,Middletown,US,2022-08-08 22:09:41,39.5151,-84.3983,93.11,64,0,52.01
486,Novi Troyany,UA,2022-08-08 22:09:41,45.9427,28.8563,76.1,37,30,7.87
487,Ginir,ET,2022-08-08 22:09:42,7.1333,40.7,57.96,79,89,7.07
488,Mangan,IN,2022-08-08 22:09:42,27.5167,88.5333,76.19,93,83,1.83
489,Paragominas,BR,2022-08-08 22:09:43,-2.9667,-47.4833,79.57,54,48,3.62
490,Leicester,GB,2022-08-08 22:05:38,52.6386,-1.1317,68.68,67,7,4.45
491,Gizo,SB,2022-08-08 22:09:43,-8.103,156.8419,81.03,77,89,5.19
492,Katobu,ID,2022-08-08 22:09:44,-4.9408,122.5276,73.31,94,100,3.49
493,Cividale Del Friuli,IT,2022-08-08 22:09:44,46.0931,13.4275,75.58,80,51,6.04
494,Gainesville,US,2022-08-08 22:09:45,29.6516,-82.3248,80.71,88,40,0.0
495,Jalingo,NG,2022-08-08 22:09:46,8.8833,11.3667,74.39,91,100,3.31
496,Dabola,GN,2022-08-08 22:09:46,10.75,-11.1167,72.86,97,48,2.21
497,Gat,IL,2022-08-08 22:09:46,31.61,34.7642,79.48,63,0,3.87
498,Whitehorse,CA,2022-08-08 22:09:47,60.7161,-135.0538,65.01,47,88,13.0
499,Axim,GH,2022-08-08 22:09:47,4.8699,-2.2405,74.46,83,41,9.48
500,Opunake,NZ,2022-08-08 22:09:48,-39.4556,173.8583,50.45,91,100,27.11
501,Bemidji,US,2022-08-08 22:06:15,47.4736,-94.8803,80.19,52,0,4.61
502,Urucara,BR,2022-08-08 22:09:48,-2.5364,-57.76,81.18,67,91,1.14
503,Progreso,MX,2022-08-08 22:09:49,21.2833,-89.6667,75.31,69,71,15.03
504,Pendleton,US,2022-08-08 22:06:33,45.6721,-118.7886,107.62,13,0,9.22
505,Minudasht,IR,2022-08-08 22:10:49,37.2289,55.3747,76.82,90,100,5.3
506,Pevek,RU,2022-08-08 22:10:50,69.7008,170.3133,36.66,81,22,13.47
507,Aklavik,CA,2022-08-08 22:10:50,68.2191,-135.0107,66.65,39,72,18.43
508,Dzerzhinsk,RU,2022-08-08 22:10:51,56.2389,43.4631,66.02,100,0,2.24
509,Inuvik,CA,2022-08-08 22:10:52,68.3499,-133.7218,69.44,36,50,16.4
510,Muisne,EC,2022-08-08 22:10:52,0.6,-80.0333,74.77,83,95,10.49
511,Rio Gallegos,AR,2022-08-08 22:10:53,-51.6226,-69.2181,35.65,87,0,16.11
512,Moron,AR,2022-08-08 22:10:53,-34.6534,-58.6198,53.35,68,100,6.35
513,Marbella,ES,2022-08-08 22:10:54,36.5154,-4.8858,79.25,67,0,0.6
514,San Cristobal,VE,2022-08-08 22:10:54,7.7669,-72.225,78.98,55,11,5.82
515,Longyan,CN,2022-08-08 22:10:54,25.1072,117.0225,72.16,95,0,1.72
516,Magrath,CA,2022-08-08 22:10:55,49.4167,-112.8686,94.84,10,0,19.55
517,Fangshan,CN,2022-08-08 22:10:55,39.6983,115.9925,67.23,96,100,3.85
518,Qui Nhon,VN,2022-08-08 22:06:56,13.7667,109.2333,77.41,84,100,18.84
519,Nanchong,CN,2022-08-08 22:10:56,30.7951,106.0847,84.25,75,95,2.37
520,Shostka,UA,2022-08-08 22:10:12,51.863,33.4698,59.9,95,90,6.85
521,Vung Tau,VN,2022-08-08 22:10:56,10.346,107.0843,79.45,77,100,15.66
522,Akdepe,TM,2022-08-08 22:10:57,42.0551,59.3788,76.55,38,98,9.62
523,Gorontalo,ID,2022-08-08 22:10:57,0.5412,123.0595,73.8,94,100,2.89
524,Asau,RO,2022-08-08 22:10:57,46.4333,26.4,68.92,87,2,4.32
525,Boguchany,RU,2022-08-08 22:10:58,58.3814,97.4531,55.53,85,39,1.25
526,Bozoum,CF,2022-08-08 22:10:58,6.3193,16.3799,68.11,97,39,3.27
527,Phayao,TH,2022-08-08 22:11:01,19.25,100.25,69.55,100,100,0.4
528,Banda Aceh,ID,2022-08-08 22:11:02,5.5577,95.3222,79.11,75,100,13.18
529,Chhoti Sadri,IN,2022-08-08 22:11:02,24.3833,74.7,78.13,87,97,6.2
530,Horsham,GB,2022-08-08 22:11:03,51.064,-0.3272,67.73,71,0,5.75
531,Vikhorevka,RU,2022-08-08 22:11:03,56.1201,101.1636,51.24,95,87,1.95
532,Mfou,CM,2022-08-08 22:11:04,3.7159,11.6427,67.68,98,87,4.27
533,Zhigansk,RU,2022-08-08 22:11:04,66.7697,123.3711,53.64,82,90,9.28
534,Miles City,US,2022-08-08 22:11:05,46.4083,-105.8406,95.97,16,0,14.97
535,Arroio Dos Ratos,BR,2022-08-08 22:11:05,-30.0772,-51.7292,55.81,89,100,10.29
536,Ginda,IN,2022-08-08 22:11:06,30.6945,78.4932,65.08,86,96,3.87
537,Tecoanapa,MX,2022-08-08 22:11:06,16.5167,-98.75,85.5,65,100,10.11
538,Novyy Urengoy,RU,2022-08-08 22:11:07,66.0833,76.6333,69.93,60,48,8.66
539,Luwuk,ID,2022-08-08 22:11:07,-0.9516,122.7875,76.03,87,72,3.96
540,Komsomolskiy,UZ,2022-08-08 22:11:08,40.4272,71.7189,77.72,33,0,4.61
541,Severo-Yeniseyskiy,RU,2022-08-08 22:11:08,60.3725,93.0408,52.77,89,100,1.88
542,Weyburn,CA,2022-08-08 22:11:09,49.6668,-103.8511,93.74,15,0,6.98
543,Tiksi,RU,2022-08-08 22:11:09,71.6872,128.8694,48.94,95,100,2.51
544,Nelson Bay,AU,2022-08-08 22:11:10,-32.7167,152.15,53.01,95,94,10.0
545,Skeldon,GY,2022-08-08 22:11:11,5.8833,-57.1333,79.48,81,66,5.39
546,Sao Joao Da Barra,BR,2022-08-08 22:11:11,-21.6403,-41.0511,71.73,86,87,4.12
547,Bubaque,GW,2022-08-08 22:11:11,11.2833,-15.8333,80.08,82,85,17.22
548,Ponta Delgada,PT,2022-08-08 22:12:12,37.7333,-25.6667,72.32,88,75,5.75
549,Klaksvik,FO,2022-08-08 22:12:12,62.2266,-6.589,52.72,89,89,12.75
550,Mancio Lima,BR,2022-08-08 22:12:13,-7.6142,-72.8958,82.87,69,70,2.04
551,Honiara,SB,2022-08-08 22:12:13,-9.4333,159.95,80.02,85,70,4.43
552,Namibe,AO,2022-08-08 22:12:13,-15.1961,12.1522,62.96,89,48,2.71
553,Constitucion,CL,2022-08-08 22:12:14,-35.3333,-72.4167,51.94,82,0,10.83
554,Dharchula,IN,2022-08-08 22:12:14,29.85,80.5333,73.8,87,87,3.6
555,Tigil,RU,2022-08-08 22:12:14,57.8,158.6667,67.68,60,6,3.91
556,Dovolnoye,RU,2022-08-08 22:12:15,54.4958,79.6671,57.33,95,4,6.82
557,Sokoni,TZ,2022-08-08 22:12:15,-6.4333,39.55,75.11,74,67,15.01
558,Tadine,NC,2022-08-08 22:12:16,-21.55,167.8833,70.84,72,98,15.21
559,Nieves,PH,2022-08-08 22:12:16,15.3274,120.9485,74.25,93,100,2.48
560,Desaguadero,PE,2022-08-08 22:12:16,-16.5656,-69.0417,50.59,45,90,10.98
561,Port-Cartier,CA,2022-08-08 22:09:03,50.0334,-66.8654,60.75,62,100,6.76
562,Severka,RU,2022-08-08 22:12:18,56.8688,60.3015,56.64,94,54,2.28
563,Ulaanbaatar,MN,2022-08-08 22:11:43,47.9077,106.8832,50.13,76,20,4.47
564,Sivaki,RU,2022-08-08 22:12:14,52.6333,126.75,50.11,97,100,7.78
565,Saint-Denis,FR,2022-08-08 22:12:18,48.9167,2.3333,74.08,53,0,12.66
566,Ploemeur,FR,2022-08-08 22:12:19,47.7333,-3.4333,68.95,62,0,13.8
567,Biltine,TD,2022-08-08 22:12:19,14.5333,20.9167,79.54,76,82,10.74
568,Bay City,US,2022-08-08 22:12:19,43.5945,-83.8889,79.12,76,100,16.11
569,Mecca,SA,2022-08-08 22:08:42,21.4267,39.8261,88.3,63,49,8.57
570,Slave Lake,CA,2022-08-08 22:12:20,55.2834,-114.769,67.3,37,8,16.22
